title,time
雷军：小米YU7已陆续到店。,2025-06-02 19:11:45
2024年中国车企研发费用排名：小米夺亚军 理想进前五,2025-06-02 19:04:55
恒指、恒生科技指数跌幅均收窄至不到1%。小米集团涨近2%，网易涨近1%。,2025-06-02 15:49:12
建银国际：维持小米集团“跑赢大市”评级 目标价升至67港元,2025-06-02 15:03:11
雷军再回应质疑，一开始总会被嘲笑、被质疑，但后来总有机会,2025-06-02 12:21:17
建银国际：升小米集团目标价至67港元，受惠内地消费补贴。,2025-06-02 11:53:48
雷军再发文疑回应被质疑：后来者总有机会！,2025-06-02 11:44:41
卢伟冰称小米YU7关注度比SU7更高 强大产品力是基础,2025-06-02 10:39:39
卢伟冰：竞争从来不是小米未来的关键,2025-06-02 09:54:39
恒指低开1.06%，恒生科技指数跌1.33%,2025-06-02 09:21:48
小米平板7S Pro获认证：12.5英寸LCD+玄戒O1,2025-06-02 07:53:41
小米集团-W(1810.HK)：业绩创历史新高 人车家全面突破,2025-06-02 00:00:00
余承东火力全开，暗讽小米汽车产品不行靠吹牛,2025-06-01 21:52:00
5月汽车销量榜洗牌：理想反超小鹏，小米力压蔚来,2025-06-01 21:26:52
造车新势力5月交付成绩出炉，第一名依然是零跑,2025-06-01 19:41:13
利好突袭！暴增230%！,2025-06-01 19:03:11
2025年5月造车新势力“成绩单”一览,2025-06-01 18:22:45
小米回应YU7尾灯换设计：传承家族设计，更加具有稳重感和力量感,2025-06-01 15:54:46
小米平板7 Ultra内部代号曝光：小提琴升级版,2025-06-01 15:20:25
消息称小米 12.5 英寸 LCD 平板为小米平板 6S Pro 迭代,2025-06-01 14:48:59
新势力车企5月交付量：小米超2.8万台，小鹏同比增230%,2025-06-01 14:33:01
雷军删掉诋毁原文,2025-06-01 13:17:57
小米汽车5月交付超28000台小米称正为YU7大规模量产做准备,2025-06-01 12:40:05
GT赛车之父称小米团队令人惊喜,2025-06-01 11:48:36
雷军：2025小米家庭日汽车工厂特别场正在举办。,2025-06-01 11:44:37
小米汽车：2025年5月交付量超28000台，YU7车型7月量产上市,2025-06-01 11:41:48
小米王化疑回怼余承东,2025-06-01 11:38:32
刚刚！小米汽车，最新公布！正为YU7大规模量产做准备,2025-06-01 11:04:43
小米618战报：截至5月31日23:59:59全渠道支付金额突破169亿,2025-06-01 10:33:36
